Frame No.,1000,1500,2000,2500,500
0,9.674033,6.582091,4.690042,3.427745,18.90463
1,14.49084,10.58454,8.668005,6.832323,14.26062
2,1.099463,1.054225,0.9577933,1.025277,1.221687
3,17.54968,10.95308,7.674603,5.367151,27.57609
4,27.5197,12.35274,8.630309,6.299867,62.80894
5,55.71403,16.38726,8.034381,6.066952,68.00408
6,55.20744,18.65585,9.245852,6.66049,49.63715
7,48.18766,25.09492,8.114894,5.902672,63.42602
8,51.02067,25.25131,9.217779,6.572746,60.81319
9,53.96625,24.68033,9.074723,6.170253,58.59707
10,54.2956,28.70421,7.882028,6.031054,58.9369
11,51.0647,29.62454,9.189209,6.543954,70.7634
12,59.43713,26.71176,9.050388,5.956373,50.39484
13,54.24759,26.19275,8.051044,6.534338,58.01507
14,58.85295,43.02556,8.841303,6.024815,63.20553
15,46.97129,29.75163,9.013321,6.422042,59.88203
16,45.42832,42.93412,8.089143,5.983828,58.85295
17,61.82724,26.48965,8.903927,6.437243,69.30103
18,49.42323,18.54544,9.068304,5.768959,52.00505
19,95.78911,31.10014,8.158943,5.974622,61.35798
20,38.6925,29.4556,8.861148,6.29757,59.90714
21,57.92266,41.9108,8.82964,5.925389,60.11892
22,61.16395,26.26113,7.738489,6.377502,60.01969
23,60.60349,26.93937,8.827209,5.711756,70.00742
24,38.62137,40.55019,8.978023,6.279119,51.89548
25,31.76237,30.31892,8.099042,5.880876,59.0263
26,52.41035,43.15106,8.672215,5.811156,60.26129
27,48.13895,26.74276,8.088469,6.188035,60.65495
28,52.11726,35.77421,8.790575,5.761344,59.90571
29,52.53122,27.9042,8.844368,6.060367,69.31688
30,45.58862,44.01311,8.066649,5.677292,50.07336
31,37.57534,29.39223,8.734227,5.721789,60.57449
32,41.4185,41.68021,8.766631,6.120989,60.48729
33,47.72313,25.67974,7.525281,5.702425,60.14784
34,51.52116,27.97845,8.534782,6.159987,59.96103
35,52.31329,41.3003,7.412492,5.613392,59.3155
36,53.04224,42.84655,8.350089,5.508164,67.5265
37,53.57621,31.92756,8.164659,6.006699,50.78978
38,42.15141,41.68821,7.511483,5.481371,59.73858
39,32.53228,26.66425,8.352175,6.111199,59.13381
40,37.59059,36.01955,7.308168,5.499146,60.37152
41,48.7931,30.22655,8.51627,5.61097,59.77358
42,42.76117,41.95,8.220649,6.028306,70.28988
43,46.81034,41.74267,7.405553,5.518828,50.84039
44,39.36683,20.53932,8.361714,5.549491,60.39012
45,45.28904,27.88171,7.288284,6.100987,57.47556
46,36.5421,24.57479,8.192028,5.619749,60.42223
47,28.87236,32.87949,8.233943,6.126482,60.01645
48,25.19139,40.39425,7.30234,5.711541,70.9693
49,39.4661,26.74111,8.247886,5.59927,49.83678
50,46.97725,28.68272,7.42487,6.164791,62.49063
51,45.20305,41.75732,8.199295,5.598042,60.03158
52,32.22168,42.31049,7.994468,5.575298,57.29411
53,36.00982,33.4152,7.482538,6.036643,58.28355
54,47.52942,40.476,8.377181,5.663268,58.14562
55,49.32207,26.88598,7.279795,6.133743,73.82417
56,47.61723,35.19218,8.279202,5.649207,48.20299
57,38.16342,30.2176,8.242997,5.677969,60.11747
58,47.18428,42.16634,7.648804,6.133216,60.70834
59,37.9042,31.56406,8.651424,5.668706,59.90571
60,38.5999,43.30879,7.74372,6.230137,59.07687
61,36.82834,27.30271,8.37178,5.687143,71.79885
62,51.25997,32.99601,8.441775,5.746407,48.62158
63,48.71016,30.83089,7.573377,6.224259,63.08631
64,47.5231,44.25209,8.336619,5.732959,61.28089
65,48.99631,43.04612,7.414927,5.127072,58.24994
66,38.22659,30.67165,8.762583,4.952851,60.52316
67,31.82798,27.1324,8.768676,5.845782,58.43272
68,46.703,33.79337,7.96524,6.406823,71.47095
69,49.2361,30.12883,8.49726,5.894169,47.16759
70,46.87354,44.57619,7.724101,6.486801,66.24886
71,53.15247,40.15822,8.830521,5.960516,60.22899
72,41.79868,18.69037,8.767592,5.966836,59.66409
73,36.30014,26.4064,8.225727,6.455094,59.77393
74,31.63446,26.88497,9.035432,5.953876,71.16526
75,43.63763,29.91021,9.061788,6.649807,51.59293
76,45.15447,25.58317,7.960921,6.074087,61.04335
77,45.92465,26.65231,8.947817,6.670166,58.23264
78,49.75694,41.99863,7.876608,6.118176,61.62113
79,36.75065,31.4174,9.260237,6.721094,60.20687
80,37.69233,41.18752,9.290581,6.298867,70.50694
81,36.803,26.19756,8.208186,6.718128,49.78592
82,33.52499,27.41799,9.280683,6.180539,63.76941
83,47.51271,40.7337,9.395891,6.048908,58.82076
84,47.04134,42.20781,8.385533,6.663699,60.96706
85,47.85857,31.12279,9.241794,6.417139,59.97433
86,39.25078,42.08276,9.339074,6.932087,71.0631
87,31.8053,26.4425,8.205169,6.310359,49.73615
88,49.64307,27.70904,9.617955,6.934755,63.57279
89,49.44596,39.52866,9.492557,6.396802,60.51108
90,46.19663,40.49206,8.199235,7.013887,59.1828
91,48.28539,29.54131,9.673463,6.387842,60.34894
92,43.12501,38.26228,9.641221,7.220988,75.3046
93,30.3283,25.78316,8.687214,6.64799,51.60944
94,36.91972,26.88028,9.92745,7.187931,60.02977
95,44.44583,39.91076,11.14935,7.340856,60.9983
96,46.54497,28.56261,8.824054,6.830214,58.99705
97,36.40494,26.55986,10.43674,7.262633,59.00854
98,45.12025,22.80158,10.00124,6.70671,72.00876
99,35.03118,25.61922,9.002261,7.379622,47.69468
100,32.97925,41.48741,9.906345,6.917639,66.34335
101,45.1003,29.39542,10.03857,7.523588,59.29897
102,46.40178,42.22046,9.8508,7.007851,60.1511
103,49.00159,26.29496,9.167407,7.706137,59.31902
104,46.18298,27.8367,10.37978,7.681229,69.13382
105,48.63269,38.8511,10.4735,7.313754,50.69143
106,32.54361,30.12375,9.578617,7.894361,60.22536
107,35.71225,43.31498,10.34176,6.975948,60.41055
108,45.63126,26.25533,10.2441,8.009194,59.33521
109,48.95266,28.13818,10.17277,7.842885,59.77393
110,48.33884,40.88358,8.951438,7.078228,59.07198
111,46.47726,41.96497,10.70752,8.339664,70.47018
112,46.03395,31.43497,10.58474,7.479588,51.15351
113,28.25697,40.28571,9.253922,8.411992,61.25987
114,31.74502,26.24534,10.92656,8.371711,58.57647
115,38.354,36.00127,11.72303,7.676494,58.3087
116,44.35101,30.37649,11.87736,8.51008,59.78537
117,48.93254,44.22098,9.608077,8.53686,69.14912
118,47.71243,42.72518,11.04941,7.719039,50.54922
119,29.36038,31.94745,12.1242,8.640787,62.68571
120,36.83784,35.29653,12.11913,8.741603,59.5394
121,48.00215,27.24202,12.4358,7.878979,58.71129
122,37.46764,25.63518,10.79221,8.94692,60.41201
123,48.21275,31.23926,11.18974,8.714415,67.331
124,45.39841,28.94297,11.87829,7.847452,49.22592
125,36.23871,26.19756,11.72187,9.004313,62.42665
126,18.24987,25.3169,10.9941,9.202112,60.21557
127,39.32781,29.097,12.17787,8.167746,59.5394
128,41.21298,41.59682,11.44125,9.150336,60.68587
129,38.13417,25.8759,12.58889,9.178118,60.55211
130,37.63742,27.4964,13.11955,8.280449,70.61598
131,30.86639,25.03574,11.00437,9.478026,51.0415
132,46.03606,37.41465,12.86938,9.446617,59.92402
133,45.03226,28.80524,12.54968,9.346406,60.66857
134,51.3975,43.15013,13.25118,8.41933,61.08549
135,45.76282,25.77917,12.89577,9.925105,57.42737
136,35.78791,27.74202,13.09598,9.559234,69.21373
137,31.81289,40.67636,11.55741,8.462041,48.40084
138,46.68992,40.78237,13.40608,9.516069,62.60173
139,44.12109,30.90063,13.01345,9.94273,58.59398
140,47.39179,42.37899,13.18174,10.00422,58.19942
141,50.86573,25.6717,14.51341,8.531113,60.07846
142,44.61876,27.19815,11.7825,9.72512,58.74164
143,32.75692,25.83539,15.31422,10.07158,71.58094
144,37.78062,29.3741,14.7685,11.07018,45.62148
145,47.87782,28.43955,13.59752,9.040088,66.86682
146,45.64397,25.30947,16.50713,10.54471,60.45657
147,46.10441,25.75501,15.84668,10.4671,60.17137
148,36.64386,29.22549,16.5708,11.44841,60.4478
149,48.57316,40.00912,13.81689,8.926986,70.99046
150,38.35047,28.87903,14.19414,10.43312,51.1522
151,30.20518,27.59984,13.51598,11.63167,59.38101
152,42.84912,32.5506,17.52931,10.73009,58.21535
153,43.96532,27.92165,15.91999,12.18291,59.83044
154,47.25183,42.37396,15.70135,9.045231,59.48344
155,43.94909,26.28784,18.22755,10.86245,71.86903
156,45.69653,26.85905,13.04417,11.74423,49.43789
157,29.85395,24.93641,14.31442,11.90012,61.64772
158,34.44736,40.41563,17.66716,10.9424,60.29145
159,35.17485,27.23616,14.52325,10.27557,33.52802
160,44.45492,30.23514,16.27821,10.82503,59.15829
161,46.22866,32.01424,17.91851,10.87335,60.82688
162,47.59389,18.77465,16.66514,11.92202,58.75613
163,31.02411,30.42343,16.53057,10.67345,59.08175
164,36.24541,26.86201,16.28057,10.65721,58.31992
165,42.14146,25.37176,14.46824,11.27794,59.04756
166,37.85269,24.8898,16.29816,12.39884,69.63885
167,46.37466,28.56914,18.39459,12.43169,49.59481
168,47.28199,29.33747,16.27874,12.38215,61.73259
169,37.41661,25.14351,17.16243,12.92664,59.86554
170,30.24063,24.86529,18.41624,10.99359,60.91358
171,46.39661,39.14032,16.52,11.43698,59.95599
172,46.02716,27.24269,13.38708,12.14067,67.80167
173,48.61945,41.59439,19.42513,12.15466,50.52878
174,49.81816,24.19175,16.18849,12.09218,62.27426
175,50.15649,26.24507,17.24917,11.42942,60.13735
176,36.64319,28.53336,17.66363,11.01902,60.05177
177,31.42204,41.01117,17.02394,12.24863,59.81541
178,46.40888,27.60662,17.05036,11.37816,71.69589
179,48.31712,19.68543,18.60195,13.14174,50.58118
180,44.93413,25.72255,17.12379,12.69508,58.88865
181,47.74341,26.06502,15.50667,12.64302,59.72039
182,49.5776,28.40748,18.53537,10.82689,60.08857
183,30.44112,24.69453,16.60084,13.33602,60.03482
184,35.59074,25.35587,16.82261,12.6992,69.4787
185,37.72546,28.82343,18.3273,12.81782,49.32669
186,45.91179,38.39995,17.09194,13.15561,59.51495
187,46.02229,24.50902,16.8753,12.91086,58.05751
188,48.05474,25.17211,18.78912,13.01069,57.29707
189,35.97239,28.78932,13.79227,13.13498,61.6348
190,30.28119,38.10511,17.07808,13.44527,60.14784
191,44.07014,27.39839,17.52916,13.64044,75.93764
192,48.11718,26.09263,16.28752,15.42187,46.73269
193,46.10738,24.57697,16.22168,15.22091,63.21632
194,45.35806,27.92126,17.81426,16.56647,57.6329
195,45.48887,25.75096,15.91753,16.22855,58.07336
196,31.67925,20.52204,16.42959,18.06636,61.85554
197,35.19677,24.21747,18.19489,16.11609,75.74151
198,50.45154,27.1207,13.49462,12.78548,47.18539
199,23.12604,28.23758,14.82806,16.71098,62.75573
200,42.95994,22.47075,17.86416,15.75699,59.71718
201,41.29484,23.32008,16.15373,15.97125,60.79914
202,35.11384,28.23311,16.31329,18.48087,60.39012
203,30.76317,27.3048,18.66156,16.35023,74.42913
204,45.29478,23.97231,16.5979,17.32403,47.88079
205,44.3896,24.00234,16.44015,17.78233,60.60165
206,50.86832,26.41938,16.49925,17.16585,59.53657
207,43.63345,37.61562,15.4222,16.53324,59.88203
208,32.44952,24.32161,16.37937,17.66847,58.9647
209,34.78333,17.37813,18.85263,14.39874,59.09292
210,46.45415,23.13305,16.6544,15.87909,71.5282
211,36.90187,25.61771,16.73629,17.1461,49.34251
212,47.61202,24.60921,22.35036,16.73957,62.62368
213,45.5015,23.0341,16.55687,15.88956,60.08532
214,35.38282,27.02805,17.95287,18.8644,59.8036
215,32.47555,26.44418,16.77903,16.39705,60.23734
216,48.70565,24.27833,14.77766,16.84574,70.51888
217,46.99182,24.76903,16.27278,18.21096,48.43929
218,45.67983,27.38263,17.96852,16.58697,62.9953
219,48.63174,28.7103,17.10407,12.83172,59.30882
220,44.83702,24.3196,16.6216,18.30037,58.85295
221,30.26112,17.72091,17.8904,15.70492,59.42229
222,37.47283,28.04758,16.79729,16.41047,58.57339
223,47.94186,25.69756,16.46326,18.85825,69.88169
224,46.51574,24.22563,16.97165,15.52349,50.33878
225,47.96669,23.07726,15.08817,16.79741,59.19577
226,49.90867,27.47313,16.85658,16.78796,59.60435
227,37.37354,27.60761,18.42133,16.74663,57.88846
228,38.41515,24.32682,16.86696,16.75213,60.83391
229,37.48407,24.54241,17.08418,14.58738,70.99046
230,47.61293,28.10686,22.89949,14.917,50.85384
231,35.06656,28.41959,17.18045,15.90617,61.28089
232,44.8833,24.65362,18.27245,18.58826,60.35258
233,44.39867,24.31853,17.08949,16.13002,59.35846
234,36.91972,27.0028,17.62226,16.5083,59.74894
235,30.97701,23.74237,17.32166,18.27105,58.40576
236,50.63266,20.0062,19.81807,16.0592,70.80548
237,43.7723,21.41493,20.71281,17.38894,49.83207
238,45.88335,25.38354,17.60966,18.52991,63.07357
239,48.61283,27.84398,19.0737,16.19656,58.52368
240,35.19045,23.23334,21.21548,12.77085,59.04408
241,36.50594,19.50215,17.80747,18.7548,59.61749
242,37.56348,27.83383,23.2818,15.36228,71.94141
243,38.87556,25.73519,17.63619,16.85925,48.99511
244,47.12114,23.46762,14.34375,17.73924,62.21498
245,49.9007,22.83287,18.58581,17.10996,58.59707
246,48.08178,28.3928,16.52688,16.01504,59.34014
247,46.72046,18.97224,16.83119,19.11077,58.56207
248,38.66931,19.74868,21.56102,16.65737,69.52169
249,32.11459,21.40168,16.44496,16.70448,50.17058
250,44.48062,25.95683,17.36361,14.27562,61.9667
251,48.2756,22.29873,19.16068,16.75042,60.16775
252,48.65257,19.60188,17.85227,15.56939,60.70834
253,45.25931,26.5684,15.93113,18.60728,59.70042
254,42.25686,24.84163,18.78668,16.42481,71.85198
255,32.04255,24.12772,17.06392,17.43548,49.10072
256,37.55953,22.49056,17.74056,18.0772,61.07504
257,44.47706,27.54373,18.235,17.14966,60.91878
258,45.86861,19.00339,17.28226,16.0002,59.11913
259,51.35553,19.95924,17.71357,19.40824,61.16545
260,49.08578,21.49054,22.79743,16.64248,58.46141
261,37.3572,25.03135,16.99264,13.12076,71.87833
262,36.52528,25.21744,18.1622,19.01737,48.66701
263,37.17527,18.86454,17.72808,16.09681,64.5432
264,49.06458,23.22001,14.49504,15.80391,59.38948
265,49.27783,25.00419,12.8775,18.77004,57.86501
266,40.89762,25.97571,14.96419,16.43337,59.11458
267,51.3703,23.34954,11.102,17.21508,72.10325
268,45.44257,22.85479,9.700958,18.7407,49.24265
269,38.33621,18.01065,12.54395,16.72585,58.90635
270,23.3765,22.69967,11.29,16.13231,59.92581
271,40.02481,18.16606,13.74374,23.35385,60.736
272,37.41997,21.97817,13.59433,12.88021,60.84946
273,46.24556,24.99719,16.045,15.22923,71.12426
274,46.77028,26.45202,16.33717,18.23593,48.71324
275,36.94454,19.25428,19.47864,16.72467,61.98975
276,31.0321,23.17653,17.61432,17.28214,61.06274
277,49.17823,26.18253,13.58234,21.556,59.68724
278,44.72672,26.91508,19.56679,15.8386,58.33557
279,47.32495,22.96037,16.34489,17.70494,60.8254
280,48.04182,17.18816,17.08024,18.62523,71.34245
281,40.95625,22.00883,18.53984,16.69315,50.11301
282,31.41473,25.07856,17.48912,16.23153,59.42548
283,37.30787,18.54255,17.98361,21.63959,58.57476
284,49.90643,22.44437,22.02444,13.38943,58.08584
285,47.25072,23.55707,18.03231,15.04221,59.54118
286,44.95938,26.80326,20.76377,18.14207,72.16882
287,40.44473,23.34212,15.26678,16.16833,48.03236
288,44.53708,18.9926,20.05113,17.27435,60.36278
289,35.73011,27.82663,16.65232,17.88039,60.49241
290,31.3243,18.2902,17.30933,20.81378,60.25076
291,47.95588,20.56297,22.56964,16.18458,58.72404
292,44.1864,21.33843,18.14223,18.0627,74.06145
293,50.42305,25.58651,20.34654,16.53018,47.85742
294,45.63709,22.42514,19.71671,15.49957,63.12892
295,48.70802,18.94291,23.49696,14.59502,59.13731
296,40.04197,25.41722,18.12609,17.12801,61.10789
297,30.35795,25.65602,21.4269,16.19619,59.79037
298,48.14103,22.19022,18.26965,18.63933,59.5944
299,42.88256,18.54307,19.65219,17.07764,70.44238
300,45.95229,19.18745,17.66597,16.71034,49.64528
301,48.25067,20.32723,17.93159,18.86536,61.49721
302,43.68396,21.62845,24.17672,17.26791,60.69471
303,32.556,18.06639,18.07475,17.19685,58.92231
304,29.73093,25.94236,21.8313,21.34627,60.07702
305,46.21371,25.66557,23.92951,16.93383,70.19317
306,48.82669,22.7597,20.38811,13.90032,50.58732
307,46.51466,21.85047,20.44743,18.97008,61.05938
308,46.78363,26.04099,18.18238,16.74674,54.35639
309,36.06008,25.48102,24.22539,17.23737,63.48239
310,30.55796,20.05266,13.88528,18.76595,59.74358
311,46.72766,16.99654,18.3678,17.074,72.69238
312,45.54605,21.4862,18.98618,17.24959,50.20232
313,50.02551,25.94417,21.17213,21.85601,61.09071
314,42.66667,22.59223,18.24352,17.31899,55.36577
315,44.98021,21.78982,24.09464,16.97781,60.46169
316,30.27349,26.62024,17.31299,23.01554,58.78031
317,37.77805,26.71839,21.40017,16.98494,60.83243
318,36.31609,19.14612,19.67818,14.71315,69.77686
319,47.57804,23.07257,26.1848,19.45491,51.11926
320,45.17834,25.31966,21.1262,16.65709,61.11685
321,46.51055,17.92963,18.08819,16.88114,59.74537
322,37.6909,19.46552,18.61539,22.12996,59.49017
323,31.28529,17.88861,20.08117,16.64841,60.10735
324,47.53371,25.05851,18.04328,18.00478,70.31508
325,47.27261,22.26998,20.56729,22.31959,50.94425
326,49.1287,18.29662,19.30998,16.63575,61.18453
327,45.80013,25.31697,21.27361,16.8749,59.38101
328,45.37452,25.26471,17.25182,18.60617,58.89039
329,31.60037,21.80754,19.24083,17.79119,59.95923
330,36.33391,19.23994,20.98024,15.24702,34.654
331,45.13552,18.61698,16.76629,16.03469,58.60359
332,25.62624,22.03259,23.22454,16.26638,62.45394
333,39.52725,21.24301,14.18494,16.91807,59.78894
334,33.29892,18.79374,18.04387,18.09919,71.29972
335,31.17032,23.86287,18.05527,17.06147,50.25631
336,35.15865,25.86218,17.67996,16.49645,62.89545
337,47.93657,21.91906,17.47259,22.10668,59.95779
338,45.09745,18.55446,23.11385,17.29454,58.48056
339,47.81806,23.73814,17.32583,17.81398,59.27261
340,47.16358,24.02449,18.79406,21.89194,69.21613
341,31.70597,15.78263,22.43571,16.50702,50.53976
342,35.34306,16.06604,18.00446,13.9499,61.56081
343,36.65461,23.26361,20.94188,19.37245,60.3544
344,46.19386,17.50097,17.13417,15.55607,58.91953
345,45.63918,17.90565,19.28741,14.08242,59.77358
346,49.264,19.28756,16.72403,13.80203,60.45145
347,35.92354,16.65825,17.65481,15.88931,69.85435
348,32.72444,13.94943,18.96454,11.88395,50.11074
349,46.54085,11.20483,17.49313,12.92664,61.01244
350,50.84892,9.706184,21.59617,11.50369,57.95254
351,45.64084,14.05768,19.42426,11.95587,58.75164
352,45.24498,13.82545,21.41942,10.50527,60.36606
353,48.52249,16.45936,16.75881,11.64192,71.27634
354,31.10923,14.55827,24.08704,11.5474,50.616
355,34.44178,15.35513,14.02704,10.90465,62.10833
356,46.66247,17.16258,18.64305,12.87132,60.76848
357,50.56941,19.44432,18.86721,13.61229,59.67869
358,45.60816,18.11092,18.31975,14.14683,59.14535
359,35.78381,22.07067,20.26839,13.50278,72.06428
360,44.44109,25.22545,18.18777,15.86367,49.98351
361,36.34011,19.68957,18.60534,16.16982,60.67556
362,30.07265,23.18986,20.42329,16.57363,60.32382
363,44.50101,19.58239,19.55004,18.94826,60.40873
364,44.56765,22.62131,20.91963,15.92212,59.01167
365,47.19252,21.86557,13.76033,14.53909,71.80607
366,43.33694,18.79936,20.28509,17.00906,49.36736
367,30.5889,27.38406,17.08952,16.10757,61.13591
368,34.60411,26.08535,17.32124,13.54313,60.43428
369,33.52869,23.21974,23.2004,15.16696,60.07666
370,49.19759,22.87801,17.46575,11.88758,59.99628
371,44.49546,26.90523,17.54983,14.19084,71.58811
372,45.46467,27.33824,23.05465,15.51427,49.59358
373,29.23942,24.70368,17.27724,16.62801,61.48133
374,34.21037,18.04204,18.24085,19.08918,59.64879
375,34.2454,28.13414,23.94183,16.23002,58.11555
376,45.12126,24.88404,15.54634,18.08953,60.64465
377,43.82966,19.32513,16.49343,18.84847,60.38647
378,42.65975,22.90048,23.43913,18.41404,70.48607
379,30.42741,23.37169,17.51056,20.89428,49.8589
380,38.00244,27.26623,18.76317,23.21042,62.81644
381,42.78331,23.01877,23.2843,17.52517,59.25153
382,36.83146,23.21899,21.84957,14.48988,59.03118
383,43.62355,26.39497,17.39009,19.34745,61.258
384,42.3413,27.40011,25.01063,16.98387,70.8873
385,29.25217,22.97778,23.84484,16.97528,50.83316
386,33.72329,16.8958,17.9628,23.07502,59.96103
387,35.18933,23.20794,17.04899,17.30445,60.14965
388,26.37743,25.08441,20.59083,18.41828,59.69543
389,34.89025,19.14784,17.02516,22.68191,61.17966
390,28.90583,23.94768,17.44884,17.47088,70.34773
391,35.45408,25.39579,23.18287,19.66085,51.02431
392,42.42249,29.46775,17.47729,18.52222,61.28803
393,37.03004,24.16749,18.09948,17.54195,58.69509
394,47.43473,23.13728,24.07139,16.54728,59.20908
395,43.2511,26.25023,18.71075,16.80901,58.78514
396,34.26993,27.0355,21.19367,14.92635,71.28752
397,31.54136,23.33298,22.26973,13.74497,46.92787
398,45.55186,17.60808,16.3072,16.81916,63.6825
399,45.31305,22.58412,18.15264,14.30765,60.52975
400,46.71238,25.07762,17.0498,16.42039,60.67372
401,41.81756,23.07875,23.64234,18.75529,59.02769
402,28.78708,22.16612,17.63967,16.5694,59.55607
403,30.56664,26.58259,17.7744,17.58467,71.01163
404,45.23168,26.90458,22.96749,21.39783,50.70454
405,40.77073,23.08349,17.46365,16.78861,60.63105
406,47.44103,24.41049,20.88677,17.27698,60.12578
407,42.13986,25.77014,19.60977,18.39158,61.24936
408,30.95199,28.79712,23.39285,15.12255,59.42724
409,35.10977,22.64047,14.15114,17.22089,71.02827
410,31.96032,16.98589,17.93484,22.1309,50.7707
411,45.81944,23.22756,19.3152,17.54466,61.4462
412,43.93017,23.99566,20.53599,18.38262,58.11588
413,44.45492,19.31729,18.0522,22.42348,59.77715
414,31.2142,21.34604,25.03079,17.86327,57.93206
415,35.10804,25.18283,17.9019,17.1959,71.1273
416,33.87729,24.99107,21.79357,23.62647,48.9716
417,46.19685,18.87188,24.58664,17.03369,59.60221
418,48.03651,23.47611,20.74926,20.67085,58.87409
419,41.04248,24.91442,22.5137,19.2348,59.70684
420,28.9004,27.42814,22.51679,14.2142,60.30163
421,36.87071,23.2856,18.83023,16.77284,60.60863
422,43.861,16.68288,21.80802,18.47114,69.72237
423,38.20279,22.28224,17.1546,17.48298,51.28442
424,50.26591,25.62388,21.17774,16.69954,60.53855
425,43.43087,22.87921,18.97609,21.79357,60.99644
426,35.27449,19.36757,20.76192,17.25334,58.35157
427,30.14282,27.75596,17.9368,17.96974,60.96743
428,43.29829,27.12894,25.09291,23.02248,66.53891
429,44.67457,23.27953,18.29552,17.28576,49.28342
430,43.18498,23.81968,21.70464,17.50284,63.34366
431,35.64808,26.76645,23.90229,22.28199,60.11566
432,33.87626,27.94092,15.79088,17.45822,57.63921
433,29.78548,18.7492,18.52384,13.87063,59.54436
434,44.11544,23.27443,17.43777,18.99866,79.57729
435,44.42825,25.22253,24.13453,16.35847,48.35964
436,45.80307,27.4542,17.47531,16.96198,60.82355
437,32.84277,23.82552,17.38106,19.14902,58.38018
438,35.4488,20.02002,22.67471,16.99183,59.8104
439,29.21713,28.59161,18.26451,20.03109,60.36278
440,42.65047,26.45559,21.7077,19.02816,75.91285
441,24.31694,24.11335,25.01032,17.68653,48.26581
442,39.1247,23.62279,24.82036,20.58587,62.24906
443,26.32396,27.65043,17.20848,18.46146,60.36971
444,28.1404,36.58635,15.97567,18.08986,59.34824
445,44.80166,24.65733,19.27143,20.09493,60.68072
446,48.69118,25.61895,17.52916,15.22177,75.24964
447,32.17824,16.54128,17.38317,17.79138,47.46648
448,45.80978,24.87074,19.06232,17.32796,62.10293
449,29.71777,23.58975,17.48854,18.81322,58.14731
450,34.97971,22.96575,21.32078,20.70599,58.70646
451,43.85561,26.53196,19.92643,16.93664,59.47177
452,43.25129,28.03956,21.15999,19.35041,60.82355
453,36.62132,24.2742,17.48955,12.75391,73.08392
454,43.56406,24.63206,17.77335,10.92734,48.49614
455,34.75336,27.16542,18.44443,13.43322,63.94066
456,29.90815,28.39393,18.1878,11.80437,59.04094
457,46.056,23.1961,20.56238,12.80917,61.55892
458,46.74382,23.47842,20.64179,14.61593,57.65151
459,43.09026,20.54308,18.14849,16.74495,72.79133
460,36.91972,25.68159,24.19369,18.84233,51.01598
461,34.68645,22.19662,20.93693,17.13743,61.75584
462,27.58598,19.80692,18.46732,17.13485,58.29442
463,44.49368,26.89271,25.1535,23.3091,60.30999
464,43.95276,26.33471,24.46507,18.08649,61.38095
465,45.64105,23.28278,17.79803,17.44059,69.67961
466,34.13797,24.51491,16.29655,22.85485,48.07207
467,35.86286,26.66098,20.25136,16.46858,63.63712
468,30.83878,27.22407,17.91745,18.01643,60.40873
469,43.55078,24.32628,17.62692,16.64495,59.82543
470,46.46926,23.26312,24.16691,17.54654,59.56919
471,42.3028,27.04062,18.16313,16.63498,59.30072
472,44.05306,19.89828,17.57201,19.63672,70.97887
473,30.32325,24.88398,23.5168,17.9559,50.74648
474,29.43904,20.66825,21.42672,17.12296,61.78064
475,46.11525,22.0621,18.01808,23.24398,60.30526
476,43.91493,25.22933,25.12052,16.88807,59.61927
477,44.93574,22.55636,18.00809,18.19383,59.55607
478,46.8428,22.51466,17.48927,22.55799,72.41759
479,29.18251,26.14324,17.34338,18.08024,50.54692
480,33.62531,25.91378,20.20002,17.3581,59.11598
481,46.12823,22.90295,17.40532,22.22356,57.53707
482,37.40038,20.12927,20.78894,17.04425,59.92078
483,44.27874,26.25857,19.1802,15.49489,51.71995
484,41.21536,19.97415,21.25697,16.05497,60.26093
485,27.45623,24.18602,16.6934,16.11147,71.92899
486,35.4272,18.0173,23.75974,16.37975,49.9483
487,32.36623,28.40223,17.02815,18.22895,61.16732
488,44.27678,25.7158,14.71426,16.29023,60.41529
489,45.24232,24.40215,20.30506,16.71908,58.94037
490,40.50502,23.89772,16.61527,18.61553,59.55111
491,30.03003,26.6619,17.81325,17.03354,68.92654
492,19.97822,27.95725,23.62407,16.81865,49.90418
493,30.87125,24.58265,17.6794,23.62279,60.50266
494,42.28616,24.35585,21.50191,16.96992,59.49831
495,33.0933,26.39567,24.58349,20.50924,60.97598
496,36.47984,19.3105,19.23684,14.5631,59.75536
497,29.12192,24.0846,20.86541,17.82433,71.52564
498,43.86003,18.19813,16.51847,16.4576,48.59417
499,43.29735,26.5569,16.5215,18.87416,31.69241
500,46.32954,24.91932,17.0426,17.28435,64.90472
501,36.76836,23.8602,16.60611,17.8588,60.93066
502,34.75952,21.76501,19.31975,22.9382,70.43295
503,29.07137,27.65647,19.39928,16.67239,49.64405
504,43.78936,26.54632,17.89876,18.04767,60.16449
505,43.08859,22.46343,18.94391,21.84513,55.05153
506,48.60291,22.52171,20.73704,16.87516,37.03059
507,46.06066,19.601,17.55214,17.88189,60.65679
508,27.98761,20.32781,24.11992,23.16252,61.36325
509,29.2746,18.57762,13.40398,17.28313,59.50468
510,38.00244,22.1505,18.12123,14.12743,59.23363
511,41.28035,24.00079,18.75462,20.27818,60.09038
512,37.23202,18.33967,18.0772,16.551,70.92702
513,40.98982,23.47897,17.29649,17.45978,49.72947
514,34.26183,25.1834,22.99977,23.65487,60.25621
515,30.71555,27.29265,16.70291,17.1531,55.32412
516,45.18304,23.23161,18.0384,17.5746,59.81541
517,42.73724,19.87194,22.67132,23.1718,59.74358
518,42.21386,27.78333,16.58301,17.64126,58.4375
519,37.17845,19.062,13.73483,20.1774,69.99566
520,36.15316,24.34672,19.52187,19.08747,49.61868
521,28.71418,18.66434,16.91592,20.67705,62.03474
522,46.62505,27.78843,17.97278,18.13855,60.30345
523,42.79778,26.08916,22.64882,23.85229,60.72198
524,47.39606,24.01687,17.50611,14.50114,54.55389
525,45.42915,22.92374,18.26794,18.54417,70.56964
526,28.97853,28.72573,22.65575,19.0005,50.54794
527,37.0557,26.99908,17.73204,17.58195,61.91797
528,33.10349,24.64572,17.48756,19.68923,60.26456
529,45.91284,23.47997,24.02524,19.93012,58.97931
530,43.30017,26.29786,13.74338,21.10395,59.02003
531,40.60254,18.67145,18.00281,16.88317,70.60701
532,30.58581,19.75289,18.4216,20.17471,49.14005
533,34.26512,21.13325,17.04004,20.53464,61.83986
534,35.92896,24.75186,17.1276,17.73075,58.86266
535,43.78111,23.63139,22.28268,23.87643,60.898
536,45.84716,19.91068,16.71243,17.8017,59.0507
537,47.68604,26.97192,17.18996,21.13597,58.67925
538,29.55598,25.2175,21.89511,19.37665,70.25728
539,36.38388,24.04089,17.59043,16.46212,50.96372
540,44.05577,23.18007,14.12529,17.77822,58.23603
541,36.35742,26.63307,19.80512,16.50892,61.00537
542,45.19447,27.25828,16.76103,18.45843,59.57097
543,23.20746,17.0291,17.18446,17.64549,60.67556
544,30.39929,19.62666,23.35766,16.34802,69.40444
545,27.15746,25.09228,16.68096,20.09925,49.78146
546,36.81262,25.12373,17.85166,20.13762,60.50412
547,44.74073,23.98547,23.08621,16.91724,58.28661
548,42.60051,23.59626,17.40096,24.29974,59.57771
549,28.3189,27.91175,17.84781,17.52099,60.40179
550,35.26976,26.84081,17.06161,17.73676,60.46827
551,42.85684,24.63127,17.97669,23.88048,71.79421
552,36.36536,24.28522,16.56145,17.56148,49.94606
553,44.08646,28.11492,19.93438,20.91311,61.66179
554,42.75514,27.67392,17.28184,15.74414,59.70042
555,29.486,17.51758,16.09622,21.86337,60.11205
556,34.99636,19.29712,17.83634,19.39364,60.98454
557,43.34296,24.92311,17.31803,17.41481,69.51686
558,34.17986,25.137,20.48102,23.74214,49.79757
559,45.28822,22.56776,15.5034,16.29519,62.46682
560,44.33902,19.09716,17.41523,18.3856,58.40098
561,28.96016,26.57567,16.5515,22.15831,61.36174
562,34.3645,25.7572,19.33507,18.02793,58.01036
563,43.65992,23.55219,17.30502,17.79299,70.23902
564,36.05643,23.75263,16.92033,22.9753,48.82431
565,45.62169,27.07723,23.83586,17.68741,60.3442
566,43.10512,27.57989,17.12402,20.16373,57.95858
567,30.54526,17.32613,20.28719,19.95928,59.90714
568,35.76934,20.43009,20.44843,24.88658,61.87545
569,48.22019,25.21896,24.9478,13.97126,73.05189
570,46.5955,26.13942,16.02233,18.1424,48.04389
571,44.77899,23.27698,17.90998,19.00454,59.89028
572,38.16342,22.45662,19.41001,20.70321,58.6084
573,45.98864,26.31918,17.53835,17.48414,60.278
574,37.40751,27.13793,17.65568,18.9414,61.03814
575,30.71951,23.75946,23.26815,20.5405,59.85551
576,49.00063,23.19561,17.87534,17.06639,73.11652
577,44.74453,26.28142,20.71964,24.0806,48.6074
578,47.61905,26.72575,19.41352,17.10247,61.57635
579,45.75989,24.06895,24.73496,18.8225,58.9974
580,42.89287,16.51628,20.59936,22.75458,60.44122
581,29.97539,25.93072,19.55057,17.48729,58.05785
582,36.95792,26.82907,18.12977,21.28606,75.74954
583,42.07851,24.35888,20.36179,19.94495,49.13208
584,36.39249,23.98438,17.53374,18.14563,62.24712
585,44.31799,28.39957,17.75893,17.29999,60.04816
586,41.44167,26.68844,23.18389,17.48912,57.03043
587,27.2823,24.04546,21.22453,21.06638,61.00016
588,35.30936,24.95415,18.41672,20.99046,58.22789
589,34.36615,26.27051,24.3733,17.98073,70.98592
590,46.33942,27.8288,23.1578,23.05545,49.96228
591,41.91238,24.17456,18.34125,20.95562,60.10085
592,44.02862,17.16835,21.0486,16.93864,58.26589
593,28.58629,22.31172,15.4058,20.91713,57.32926
594,30.26414,25.75992,20.42934,23.36558,60.98119
595,40.40812,23.31399,16.95985,20.84715,72.12509
596,41.76307,23.01432,20.71659,18.03248,48.889
597,26.23859,27.89867,19.49029,24.79827,62.89031
598,37.38457,27.33338,21.24662,23.28484,59.5231
599,27.40958,24.94686,18.39175,17.84332,58.09056
600,29.43861,23.22077,24.45143,13.89528,57.55561
601,43.59065,26.11232,17.79372,20.68603,61.68689
602,45.39162,27.32748,21.53863,16.10021,71.09393
603,39.8446,24.39578,19.42355,17.69633,50.34385
604,31.80712,23.78212,24.33066,22.9311,59.76715
605,34.41523,20.12923,15.52889,17.15884,59.02944
606,27.19956,28.77044,16.05294,18.53135,59.87379
607,43.25727,21.71411,22.02357,23.52947,59.38948
608,32.50521,23.52919,17.20125,20.82895,68.83355
609,42.80291,26.10128,17.93995,17.84764,49.987
610,26.56614,26.69379,24.05951,24.54072,62.51602
611,25.94734,22.90977,17.43393,23.71534,60.20832
612,39.15611,19.44629,18.54899,18.5865,57.38288
613,41.57105,26.92276,24.03661,21.84537,60.41566
614,32.39706,26.0761,21.09024,19.56396,69.22283
615,43.04704,24.64681,18.71138,16.95326,50.70942
616,24.47291,22.52389,18.37158,16.77481,57.16736
617,27.27635,19.38052,20.40521,17.68828,61.66179
618,41.64619,22.73606,17.91794,18.35347,60.19346
619,42.91772,21.86916,20.90371,16.73996,60.47338
620,34.79011,21.93651,20.14971,17.66788,60.23225
621,44.39157,24.33315,21.23124,22.85678,71.26923
622,35.32383,25.61836,17.42075,17.4035,50.3791
623,30.4541,19.1429,24.99862,18.14082,62.31772
624,44.57699,23.07279,17.8707,23.85866,60.07052
625,44.17917,25.59934,21.64174,17.04832,60.49936
626,47.01656,26.19948,23.06736,20.53797,59.12891
627,46.00536,23.06262,20.39455,18.82909,71.6358
628,33.76257,23.83109,16.59393,18.07825,48.70351
629,35.29192,18.64774,17.2072,19.9797,60.23734
630,29.45517,22.64431,19.13791,15.17598,57.98681
631,43.25203,21.96103,17.8005,17.55085,60.61892
632,43.93287,19.42336,16.71763,16.71752,60.27146
633,35.03511,27.12034,22.21896,20.06183,71.30226
634,47.48744,26.27016,17.2035,16.82301,50.56941
635,33.65553,23.77426,18.28772,19.45953,59.34683
636,29.1797,25.06705,23.55247,18.87401,59.61892
637,46.28365,27.14927,17.91072,17.27208,59.77536
638,42.45455,27.93031,16.0886,17.60594,60.75297
639,47.72632,23.6272,19.92901,22.66464,69.55312
640,34.78055,24.33374,17.74113,17.68641,49.43227
641,33.81268,20.2441,18.06773,21.5521,63.54653
642,29.62173,27.51978,24.08518,19.01329,56.61617
643,46.13334,23.19739,17.23487,25.1905,59.96103
644,43.93461,23.38694,18.39111,20.49516,60.68919
645,44.1392,22.74956,24.08652,14.12194,60.1797
646,48.0559,26.73611,20.97157,20.90043,69.69321
647,18.2547,20.39064,18.35145,17.08461,49.48609
648,30.73178,22.07364,24.52784,17.88685,61.20401
649,31.97851,25.57519,22.87775,22.35381,60.79766
650,47.69877,26.49182,14.9756,17.43947,60.44816
651,34.17004,23.8778,18.8258,16.92755,60.30854
652,34.1177,23.52377,18.81322,21.55251,70.90841
653,27.75203,19.94921,20.66906,17.22229,51.29678
654,45.46777,23.07279,18.02383,17.61329,58.458
655,43.31498,23.15249,24.08246,23.52709,58.9001
656,44.96706,23.19459,17.15584,17.21221,59.3581
657,34.31215,27.04815,18.07825,17.34506,60.84057
658,34.46054,27.61691,22.93699,23.6181,71.5236
659,28.45914,24.14701,18.32757,14.43785,46.58725
660,44.50299,24.03332,21.28352,18.16715,64.11654
661,46.15207,27.39141,17.94433,19.82381,60.43428
662,43.20942,28.63057,20.66129,20.55017,32.01239
663,37.04088,23.48178,17.81842,17.24747,80.07687
664,33.85263,23.44116,17.88368,24.19802,49.10844
665,30.48316,18.80778,23.59442,17.34338,63.13849
666,43.0808,28.24835,17.39672,17.71724,58.68717
667,41.92556,21.89104,21.1412,23.03288,59.1618
668,47.88515,20.01068,18.00264,17.59684,59.11598
669,35.21585,26.52506,24.2068,21.2557,69.40203
670,34.27381,25.39941,16.86045,19.78811,50.73798
671,29.60209,23.38519,18.53104,25.03286,58.65791
672,42.76702,22.09027,18.18655,20.35831,60.96186
673,44.62991,26.69785,17.80421,18.2921,60.15617
674,46.45113,27.37034,17.17027,17.82064,59.85049
675,35.06545,23.46454,19.29206,20.32508,71.07523
676,34.38931,23.95169,20.64456,17.68056,49.298
677,28.36984,27.34631,17.21923,18.3593,64.3244
678,44.25954,18.88735,24.05517,23.16504,57.89583
679,43.74013,20.36718,17.27226,17.98768,58.82388
680,44.56129,21.3767,17.94987,20.55587,60.17463
681,41.52927,25.2394,23.51862,19.38349,56.79914
682,27.39313,26.19982,13.92145,24.17813,75.16537
683,29.93232,19.33125,18.16191,20.12437,48.37812
684,45.84212,23.61136,18.94743,18.73185,62.55043
685,45.13837,26.0053,18.08969,25.05362,59.74358
686,44.93211,26.46665,19.29485,21.99891,56.9622
687,35.75809,23.6267,18.43872,18.01247,59.48486
688,34.80028,24.54855,17.1857,17.51629,73.87543
689,29.93779,18.74839,17.5279,24.46842,47.06613
690,44.25307,22.83459,23.14606,14.13711,63.33082
691,41.65591,21.98648,17.44513,18.0644,59.03432
692,47.92485,22.80257,21.24726,18.86156,61.07318
693,45.20877,25.54409,16.02726,20.29143,59.1618
694,28.98752,26.8509,19.85553,17.20001,73.37942
695,26.44614,22.18057,16.11934,18.18069,47.66899
696,45.80768,20.60471,21.40576,17.48426,65.55185
697,43.17528,27.48166,19.58561,16.74024,57.91495
698,44.0356,25.98442,21.58075,23.05497,60.6925
699,18.37313,24.53374,17.10738,17.30724,60.50595
700,27.81618,24.12475,22.31052,20.95434,73.89781
701,35.35768,19.32703,17.31983,19.19636,49.32085
702,43.23801,29.12853,17.70494,24.19035,63.07516
703,33.84942,22.54161,17.96703,17.16986,58.71094
704,45.72474,24.62872,17.63183,20.7549,59.55784
705,27.8849,27.02118,15.88391,14.91618,59.39935
706,35.01511,27.82702,20.30296,19.73469,58.13953
707,42.57856,24.5202,16.52319,16.80901,69.67281
708,31.47554,24.37443,18.13746,17.19906,49.57637
709,49.67636,28.48143,22.65385,22.72903,60.40726
710,40.68563,28.22419,17.31242,17.74012,59.25153
711,24.7324,24.24895,17.51497,17.90594,60.22029
712,24.28688,23.26637,23.63792,22.38584,59.46859
713,41.23763,27.36547,17.50798,17.32262,71.32362
714,37.35274,20.40891,15.11944,17.31143,49.37321
715,48.11092,24.14269,19.70408,23.2288,61.50251
716,40.5441,21.85315,19.55218,17.18597,58.9001
717,30.27652,25.48855,17.44087,21.31678,59.18911
718,47.56944,27.77323,20.6904,19.43956,58.77064
719,48.2537,24.61623,20.16959,17.83265,59.96103
720,49.45745,22.41223,17.48671,18.21391,70.89886
721,46.71631,25.96182,24.53536,17.0376,50.68295
722,44.17917,27.50774,18.23606,19.25862,61.10453
723,31.13674,19.39544,21.34517,19.69846,59.57132
724,37.54445,23.03484,18.88603,17.17785,59.64416
725,42.32195,26.12951,18.23373,20.02792,60.69434
726,46.74273,27.07921,16.86201,20.6073,71.70309
727,45.01524,18.02945,17.21244,17.91672,50.43602
728,36.04617,19.62843,20.35056,23.58747,61.5343
729,49.64874,25.59692,17.72735,17.85061,60.67556
730,34.29579,25.48128,20.80308,17.81309,59.87235
731,27.16919,22.25357,19.18278,23.69803,60.61708
732,44.23018,22.37642,21.9408,17.31059,70.49352
733,43.40089,27.54631,17.55054,15.96873,49.25623
734,38.21987,26.13942,24.56713,19.88961,61.57484
735,46.87683,24.2068,20.85266,17.49842,55.72987
736,34.18312,22.27762,14.44387,17.66819,58.34169
737,28.37065,27.33518,20.47716,19.6641,60.68919
738,43.57564,26.44544,17.30781,20.80832,59.85049
739,46.75497,17.11514,18.40014,18.09827,72.03313
740,44.30876,20.53169,22.97192,23.41915,48.52602
741,37.0358,25.59502,17.49628,17.98393,62.03859
742,34.10525,26.68118,21.70134,21.4004,58.53807
743,29.83276,19.08834,22.62443,19.45563,59.75036
744,42.96178,24.87012,20.84897,24.18192,59.1765
745,42.45455,25.44562,20.66927,16.92128,69.33034
746,41.31941,26.2772,17.7158,21.0447,50.27273
747,34.6119,23.48973,23.68075,16.99221,62.45394
748,22.03463,23.01432,14.23346,21.1019,58.67099
749,22.08047,27.05869,16.46519,18.02913,59.88239
750,17.78059,28.63369,15.72137,17.90267,59.02456
751,31.27805,18.85441,16.25121,23.49177,70.62795
752,17.89085,20.4155,13.57101,16.97073,50.66138
753,24.15762,25.58592,16.71201,18.23466,60.98788
754,30.16782,26.28045,16.4311,22.38318,59.2547
755,46.95673,23.49801,16.66097,17.43366,60.62737
756,32.3106,23.63424,19.56966,17.29272,60.26601
757,32.82272,27.11217,14.70024,24.21302,59.0263
758,32.97414,26.46959,16.88847,17.42613,70.09673
759,60.52975,22.76888,18.20323,19.86863,50.19652
760,58.64999,23.57523,17.32304,20.02752,58.89663
761,53.0026,25.50825,17.52188,25.41877,59.30389
762,56.5995,27.93827,20.91206,15.69846,59.76679
763,42.99688,22.2616,17.66394,15.85125,61.16545
764,46.83073,15.09931,17.29242,22.79961,70.91746
765,51.2697,24.45783,23.46658,16.96776,51.10724
766,47.6649,26.00807,17.98451,18.27445,60.81171
767,55.50652,19.19603,14.44162,23.2389,60.58623
768,56.66236,22.6613,19.53079,18.21497,59.16005
769,55.26022,25.56544,16.89155,21.1531,59.81899
770,49.34129,27.38158,16.84307,19.55466,71.69332
771,43.07912,23.80624,21.87117,24.67034,50.3616
772,42.39569,22.96623,17.70466,20.79318,62.52149
773,52.641,27.0328,18.4721,17.65886,59.64879
774,60.07521,27.74595,23.58307,24.24707,59.80718
775,55.36577,17.20253,17.96329,23.50618,60.12253
776,53.22915,20.03273,20.50357,18.55012,72.34634
777,57.93038,24.95265,15.50385,15.89413,49.43251
778,89.6218,25.31332,20.96994,20.25407,61.80584
779,36.27368,24.04546,19.57288,17.78028,57.84158
780,36.53208,22.94857,17.1335,18.45413,62.13534
781,55.08671,26.90791,20.28488,19.58411,59.15025
782,51.59293,27.09161,19.87653,20.27431,69.587
783,55.8884,23.8038,17.51872,17.30613,49.15358
784,98.57364,23.71427,24.73558,22.32028,62.5982
785,39.36311,27.27285,17.90235,17.72691,59.61216
786,55.87373,27.07041,17.99811,18.20015,57.88042
787,45.16793,17.58669,23.60355,22.97536,60.04996
788,35.56175,21.40232,19.44028,17.90026,59.11913
789,55.09247,26.06121,14.10224,22.17,71.91451
790,62.65664,26.44062,17.57889,23.387,46.1898
791,91.70778,23.41224,16.7071,20.06577,63.55178
792,38.24223,24.91467,17.49797,14.24489,58.36281
793,56.23886,26.20937,19.78189,17.58542,59.22206
794,52.03401,27.99419,16.91566,23.52814,59.30072
795,44.08102,23.50132,17.06095,17.66176,73.13149
796,47.84872,23.78053,23.26263,18.61442,49.53978
797,53.40425,27.26073,18.03309,23.8123,62.88992
798,57.65317,27.71934,17.84558,20.8811,59.06221
799,54.29294,24.20188,17.38601,18.39476,60.59321
800,49.87407,17.05239,17.67431,25.00713,59.91755
801,57.09881,21.14598,17.05114,23.28332,73.30679
802,54.68066,25.6748,19.13143,18.13608,47.99662
803,43.58267,22.84143,17.12226,21.59379,63.87776
804,46.37466,23.67918,17.70068,19.31363,58.57956
805,51.09131,26.63144,22.83121,24.03956,62.20762
806,53.48166,28.04727,16.78294,20.19203,58.4662
807,54.91187,24.7621,18.60001,14.55668,60.29327
808,57.88042,22.17526,22.19913,20.66248,72.05441
809,60.82873,26.94677,14.37932,17.63416,50.88877
810,49.89273,27.47811,17.79949,18.04556,61.47415
811,42.62247,24.05737,17.78752,23.65878,58.78514
812,39.33493,23.53124,16.96439,20.57266,60.46863
813,56.38822,20.33107,17.60997,17.81648,59.33345
814,54.91609,22.74547,21.49872,24.9643,73.62632
815,56.80947,21.12182,17.38571,23.33374,50.14341
816,25.92319,23.4625,17.26349,18.62784,62.36864
817,42.7219,25.53868,21.49655,18.577,59.71718
818,40.46666,27.29407,17.26737,24.39381,59.78716
819,40.29723,24.22205,14.58411,23.5664,59.30741
820,55.41149,23.88419,19.47276,21.06558,71.21645
821,58.7044,26.77584,16.81481,17.45822,51.36186
822,52.07791,27.53819,17.67315,25.11522,61.10975
823,51.84383,23.57029,23.01877,17.30571,58.72887
824,57.05776,24.27691,17.31452,15.93054,59.34683
825,48.77216,20.26269,18.05814,17.15036,58.24994
826,40.09575,22.86577,23.86532,22.69416,70.85666
827,44.62333,22.76763,20.70462,17.68071,49.58227
828,51.49012,23.77138,18.01581,21.37693,63.06403
829,52.38619,25.68614,17.96884,19.73691,60.79766
830,57.81817,27.07994,19.40297,24.36998,60.6068
831,57.10925,23.88448,17.22558,17.33105,58.01507
832,57.67013,23.57679,14.4189,21.28416,38.97587
833,55.26999,29.48878,16.70213,20.07911,59.69722
834,44.44761,27.49647,14.00496,25.2826,58.7513
835,41.67448,23.60066,11.96736,21.26854,71.61426
836,53.03014,24.11475,11.91077,18.03036,50.91779
837,57.47523,27.26705,14.22588,24.77645,61.62835
838,52.60721,20.40812,11.94215,23.9761,60.15436
839,55.701,23.51243,13.78067,14.76922,60.09724
840,54.85434,18.92051,14.55341,18.17115,59.89925
841,54.34369,27.79847,16.22502,23.00299,67.73324
842,42.20121,26.07487,16.55698,18.00702,48.64807
843,43.68491,23.08499,19.87803,17.61314,61.39489
844,53.82131,22.7105,17.77822,23.75212,60.63436
845,57.3707,27.71619,18.52528,17.55905,56.224
846,58.51546,27.95326,18.1591,21.12057,60.50961
847,84.90406,24.61847,18.69785,23.24343,61.76995
848,39.64431,23.11011,17.12431,20.14914,72.28045
849,51.49622,27.26831,23.26837,21.75048,48.32132
850,39.04268,19.70529,17.40944,17.79223,59.72859
851,47.22773,23.94688,18.3494,24.06895,60.02977
852,52.55827,23.17959,23.36891,20.94741,60.84946
853,57.0288,27.70045,17.98299,17.45636,58.98557
854,95.84512,26.44677,20.81798,18.35866,76.46546
855,38.45577,24.08171,22.20835,20.81217,46.40694
856,59.46364,23.82495,20.57579,17.96793,65.99832
857,49.77898,25.30915,22.41765,17.96645,59.86232
858,45.09664,27.32539,14.2688,24.27314,58.75786
859,40.53424,22.85406,20.70561,17.51599,60.68219
860,57.92132,19.30044,16.43034,21.06745,74.81334
861,51.54214,27.75997,21.25566,20.55038,46.54605
862,56.54733,18.21188,19.10672,24.59734,63.30276
863,55.42592,18.27883,21.97141,20.04438,59.46859
864,55.15203,20.68321,17.53691,18.34031,60.77697
865,50.61702,20.84654,24.87822,23.41608,60.43245
866,41.76621,22.59417,17.72456,23.74502,71.59528
867,43.81622,21.74561,21.24324,18.36089,48.61732
868,51.51506,27.69293,19.53045,21.6409,61.0523
869,54.94143,27.29235,17.82449,18.93703,60.16956
870,55.88403,23.88761,18.09702,17.84185,59.45551
871,54.11314,23.90309,17.82614,17.74821,60.97412
872,59.56919,26.68716,24.56827,18.32364,59.43395
873,51.8363,28.47462,18.12642,23.34338,69.42902
874,41.52755,18.22211,19.04254,18.37769,47.3207
875,42.46284,19.67222,24.42778,18.01292,63.5538
876,57.56356,26.1289,24.16994,23.16805,61.3196
877,57.77909,25.75401,22.02672,17.26388,59.49512
878,57.48018,23.9004,18.86821,21.40104,60.04347
879,53.8132,23.32285,26.77046,24.05708,70.00301
880,54.03157,27.78511,23.20218,19.96598,50.39103
881,52.91621,26.82706,22.41625,21.8705,59.74215
882,40.31673,24.44976,15.82829,18.31005,58.44535
883,41.47209,23.25073,19.88593,25.06417,58.98104
884,54.33572,27.97265,18.00764,23.86584,59.00506
885,53.41481,27.83639,17.33243,21.37031,61.6105
886,51.38403,18.42907,19.97005,14.46084,71.49445
887,52.73789,21.01149,21.65599,21.04488,50.05907
888,58.6469,25.98759,17.65129,17.30331,62.91208
889,57.86635,26.40926,23.85678,21.25543,59.31057
890,45.6838,23.99411,17.07577,19.07425,57.72772
891,42.73559,24.38245,21.7883,18.14421,60.3595
892,55.64892,25.45799,19.61588,20.74749,70.2484
893,51.41494,26.48894,26.47842,17.8493,49.78716
894,29.94362,24.10765,16.38987,21.00324,59.4654
895,59.44384,22.53927,18.49807,18.03993,61.00723
896,55.59107,27.84833,19.63957,24.88175,57.94146
897,42.89379,27.81115,17.34338,17.48001,59.61394
898,35.23968,23.46658,20.1772,20.66688,71.96004
899,59.18105,18.65313,19.91695,19.871,49.64405
